position,artist,title,song_id,category
1,The Knife,Silent Shout,SOETSTN12A81C219A9,Filler
2,Guns N' Roses,Street Of Dreams,SOJUERX12AB0184DE1,Similar Artist
3,Paco De Lucia,Entre Dos Aguas,SOBBMDR12A8C13253B,Filler
4,Nick Lowe,All Men Are Liars,SOLPVAQ12AB017EB35,Filler
5,Madvillain,Rainbows,SORYNOQ12A8AE46D2D,Filler
6,Michael Cera & Ellen Page,Anyone Else But You,SOSZNRJ12A8AE46E38,Filler
7,Amity in fame,Relegate the Judge,SOXZSEH12AC468CABB,Filler
8,Green Day,Sassafras Roots (Album Version),SOMNGQT12A6701F99B,Similar Artist
9,The Pointer Sisters,Jump (For My Love),SOJCGJJ12A8AE48B5D,Filler
10,Sammy Kershaw,Queen Of My Double Wide Trailer,SORWULZ12A6D4F5B1E,Original Artist
11,Alan Silvestri,Main Title,SOUSDAM12A6D4FB2BE,Filler
12,Beach House,Home Again,SOPRIUU12A8C133EF5,Filler
13,Deep Forest;Angela McClusky,Will you be ready,SODBRHD12A58A7A9F8,Filler
14,dEUS,Pocket Revolution,SOQXNTR12A8C143FF6,Filler
15,Operation Ivy,Knowledge,SOXQBTU12A8C13F5E0,Filler
16,Daft Punk,Technologic (Vitalic Remix),SOEDGBE12A670211D3,Filler
17,Foo Fighters,Still,SOAOOXO12AF72A787F,Filler
18,HA-ASH;Kalimba,Ya no,SOSSCKD12AB0183197,Filler
19,Alliance Ethnik,Sincerit√© Et Jalousie,SOBOUPA12A6D4F81F1,Filler
20,Cake,Stickshifts And Safetybelts,SOUELOC12AB0182DD1,Filler
